alpha,R@10,MRR
0.0,0.94,0.8201944444444444
0.5,0.94,0.8201944444444444
1.0,0.94,0.8201944444444444
2.0,0.94,0.8201944444444444
4.0,0.94,0.8201944444444444
8.0,0.94,0.8201944444444444
