beta,R@10,MRR
0.0,0.94,0.8025277777777778
1.0,0.94,0.811861111111111
2.0,0.94,0.8135277777777777
4.0,0.94,0.8201944444444444
8.0,0.94,0.8201944444444444
16.0,0.94,0.8201944444444444
