Comparison,b_wins,a_wins,McNemar_p,MRR_Δ,MRR_Δ_95CI
BM25 → Dense,40,71,0.004195534185394861,-0.17893985982991217,"[-0.214, -0.144]"
Dense → RRF,66,8,1.8077410513282365e-12,0.12314676306822904,"[+0.101, +0.145]"
RRF → +Rerank,33,9,0.0002715392342906853,0.14336269702761847,"[+0.114, +0.172]"
+Rerank → Full,5,0,0.0625,0.030296545610681735,"[+0.020, +0.042]"
