System,BERTScore_F1,BERTScore_F1_lo,BERTScore_F1_hi,ROUGE_L,ROUGE_L_lo,ROUGE_L_hi,ConceptCov,ConceptCov_lo,ConceptCov_hi
Full Pipeline (retrieval-grounded),0.8091966658830643,0.8048053564056754,0.81319279871881,0.12488692511216,0.11589759984673037,0.13424022773763844,0.355,0.285,0.4275
Zero-shot LLM,0.8050772559642791,0.8017639984786511,0.8083576569110156,0.10798933880925836,0.1023284089988812,0.11414829783857197,0.3425,0.28,0.4125
